id,branch,fname,lname,birthday,address,phone_nr,IBAN,TIN,email
1,1,Marco,Döhn,2000-02-01,"Jolanda-Hövel-Weg 2/8
36868 Döbeln",(03728) 55610,DE97359505391628210778,46120850432,Döhn@oos.de
2,1,Magda,Wende,1963-07-27,"Bachmannallee 29
67951 Dinkelsbühl",+49(0)4740794924,DE57006126864229524749,88712205464,Wende@oos.de
3,1,Mechtild,Finke,1982-03-16,"Kreinring 0/3
40689 Northeim",04640 643535,DE36689880345965602585,27801024798,Finke@oos.de
4,1,Gülten,Ortmann,2006-12-20,"George-Radisch-Weg 8
97200 Roding",03997 84656,DE33945874412212877289,24000617114,Ortmann@oos.de
5,1,Ingetraut,Metz,1991-08-29,"Jüttnerstraße 58
31812 Prenzlau",+49(0)3182 48984,DE37253969885889805517,84438073986,Metz@oos.de
6,1,Thilo,Segebahn,1991-01-27,"Hans-Ulrich-Bachmann-Platz 964
38927 Wolfenbüttel",(08109) 39280,DE14118674528782292181,34071837741,Segebahn@oos.de
7,1,Valeri,Kusch,1975-07-08,"Clarissa-Mielcarek-Weg 8/2
74939 Neustadtner Waldnaab",01326241087,DE78396237219541265196,60836841418,Kusch@oos.de
8,1,Jessika,Lorch,1989-12-20,"Julius-Wulf-Platz 0
32276 Schlüchtern",07356 822895,DE22492234346828251422,15151312383,Lorch@oos.de
9,1,Reinhard,Holsten,2006-01-21,"Beierstr. 0
92369 Eichstätt",+49(0) 895657090,DE08880721026640079156,66502734376,Holsten@oos.de
10,1,Jörn,Stoll,1966-06-20,"Wiekweg 875
60674 Saarlouis",(07891) 225232,DE53810263492240869823,89327768995,Stoll@oos.de
11,1,Birte,Eckbauer,1986-08-24,"Ditschlerinstr. 4/0
07558 Güstrow",0705034122,DE41227521269861859445,90727226169,Eckbauer@oos.de
12,1,Detlef,Hettner,1964-02-16,"Christine-Hermann-Allee 1
87982 Goslar",07748 787712,DE09949626400084443822,50497689719,Hettner@oos.de
13,1,Winfried,Bruder,2005-07-03,"Schuchhardtring 4
37178 Klötze",0177661142,DE31800560302465845340,41787275065,Bruder@oos.de
14,1,Karsten,Rörricht,1974-06-08,"Alina-Ruppert-Platz 8
64429 Zeulenroda",(05001) 097646,DE66316215923677848463,32833718036,Rörricht@oos.de
15,1,Hans-Otto,Vollbrecht,1990-08-30,"Ferdinand-auch Schlauchin-Gasse 9/3
10572 Brilon",+49 (0) 0289 322520,DE92891306602340703529,13665119502,Vollbrecht@oos.de
16,1,Lambert,Klemt,1981-05-25,"Mentzelgasse 7
60096 Dachau",+49(0)8715745379,DE63971805251302685939,29543752890,Klemt@oos.de
17,1,Larissa,Klemm,1987-08-07,"Lindnerring 6/7
85403 Schleiz",+49 (0) 2903 277627,DE82549608202011758977,20788513925,Klemm@oos.de
18,1,Edmund,Hofmann,2006-09-25,"Leonore-Niemeier-Allee 659
66969 Heinsberg",+49(0) 978871091,DE71179787171606409260,37051986874,Hofmann@oos.de
19,1,Petra,Zimmer,1990-03-11,"Ehrenfried-Kuhl-Straße 361
22991 Ribnitz-Damgarten",03235 805985,DE16984409790955628430,42165398154,Zimmer@oos.de
20,1,Ana,van der Dussen,1998-01-04,"Ruben-Röhricht-Platz 7
73064 Sankt Goarshausen",04336 317046,DE58573371724856340258,33336251032,van der Dussen@oos.de
21,1,Geraldine,Carsten,1974-12-06,"Riehlstr. 0
86021 Göppingen",0852437043,DE84397087110023398293,53997371317,Carsten@oos.de
22,1,Sandro,Holzapfel,1997-08-07,"Hänelallee 5/9
00554 Darmstadt",(09284) 448241,DE21998199024435694202,15439790668,Holzapfel@oos.de
23,1,Mahmut,Winkler,1967-06-11,"Junckenallee 5
33485 Hannoversch Münden",+49(0)8102 31347,DE51233568142587161037,56449815971,Winkler@oos.de
24,1,Veronique,Meyer,1976-09-13,"Kilian-Trubin-Platz 81
49569 Rothenburg ob der Tauber",+49(0)3027 73431,DE47165779299969719482,84281662399,Meyer@oos.de
25,1,Jost,Seip,2007-04-06,"Dippelweg 031
13346 Monschau",+49(0)3761 395217,DE63122124001324744372,02699560811,Seip@oos.de
26,1,Karl-Hans,Margraf,1988-07-18,"Hans-Detlef-Patberg-Weg 5
43849 Schmölln",+49(0)3525255881,DE68056279725251637705,39949569505,Margraf@oos.de
27,1,Anastasios,Noack,1964-09-25,"Aline-Bloch-Straße 8/6
11141 Saulgau",(07151) 089447,DE47021433472207616431,39996520032,Noack@oos.de
28,1,Jasmin,Trommler,1975-02-19,"Oxana-Henschel-Ring 753
46008 Bischofswerda",+49(0)4148 34216,DE24683105515690857254,44426506111,Trommler@oos.de
29,1,Jose,Hesse,1981-02-04,"Wähnerweg 7
61815 Eichstätt",(02644) 187745,DE97238350971495155076,30128494284,Hesse@oos.de
30,1,Nick,Binner,2004-05-16,"Roman-Adolph-Platz 097
46642 Sternberg",+49(0)0730 266398,DE18960485743241693789,65754854608,Binner@oos.de
31,1,Geert,Köster,2000-05-02,"Ringplatz 002
45244 Dachau",02656 30184,DE49128168988714019066,79534416912,Köster@oos.de
32,1,Stanislav,Boucsein,1973-10-27,"Susanna-Hande-Gasse 6/0
31952 Badalzungen",04736 236352,DE11555248539990930893,20843032074,Boucsein@oos.de
33,1,Almut,Hahn,1992-12-18,"Junkenstraße 14
60546 Plauen",+49 (0) 4167 434631,DE25816661278093891472,86056687312,Hahn@oos.de
34,1,Mato,Beyer,2005-12-03,"Gröttnerstraße 1/4
62016 Hannoversch Münden",+49(0)4312 43891,DE07054532491134377495,05967798261,Beyer@oos.de
35,1,Suzanne,Winkler,1965-10-07,"Jacobstraße 942
34092 Oranienburg",(07352) 885716,DE08322321574172432938,69475547173,Winkler@oos.de
36,1,Paul-Heinz,Fechner,1966-02-25,"Pieperweg 83
81848 Eisenhüttenstadt",+49(0)2985 852131,DE96820676203231236733,73278344786,Fechner@oos.de
37,1,Klaudia,Pechel,1967-04-28,"Ercan-Roht-Straße 6
09490 Lobenstein",(02385) 59715,DE56216676243669529158,65088099615,Pechel@oos.de
38,1,Leonid,Putz,1980-10-31,"George-Tröst-Gasse 0/2
28713 Cuxhaven",(06945) 93175,DE09148894672195613884,13295451611,Putz@oos.de
39,1,Francesca,Schäfer,1991-11-29,"Arno-Steckel-Allee 82
20696 Roding",0184412761,DE47686578743394512128,14635341942,Schäfer@oos.de
40,1,Wilfriede,Loos,1965-01-09,"Elisabeth-Kallert-Platz 5/9
34027 Büsingen am Hochrhein",0066241694,DE04319483374015247225,22939181451,Loos@oos.de
41,1,Alf,Martin,1976-09-13,"Benthinweg 5/7
94843 Dresden",(01698) 27424,DE18051399438910550784,75914303319,Martin@oos.de
42,1,Selim,Wiek,1965-11-17,"Romy-Röhrdanz-Straße 145
39979 Gießen",(03441) 64333,DE34437443113983857098,03660638080,Wiek@oos.de
43,1,Zlatko,Weimer,2005-05-22,"Jopichgasse 028
35188 Sternberg",07107 94652,DE90734969145070162540,97637608982,Weimer@oos.de
44,1,Johannes,Peukert,2003-11-07,"Junckgasse 79
31689 Mainburg",+49 (0) 8840 184552,DE42375084346618128847,55778235823,Peukert@oos.de
45,1,Knut,Winkler,2002-05-29,"Lehmannstr. 2/2
35831 Grafenau",+49(0)6808 86572,DE11914963123242676066,66784883994,Winkler@oos.de
46,1,Ibrahim,Pohl,1985-04-05,"Kreuselgasse 694
64371 Wunsiedel",+49(0) 886294072,DE86433359519068057322,62634612653,Pohl@oos.de
47,1,Klaudia,Bender,2007-07-23,"Olav-Heuser-Weg 9
47788 Sulzbach-Rosenberg",+49(0)3315 41665,DE87761908554431972357,18710192173,Bender@oos.de
48,1,Aline,Stey,1996-05-02,"Emilia-Scholl-Gasse 58
64145 Plauen",06055133601,DE16391268306260618622,06100369409,Stey@oos.de
49,1,Anton,Zirme,1970-07-25,"Finkestr. 4/7
05824 Eichstätt",00981 07080,DE83030357900046431269,20387449355,Zirme@oos.de
50,1,Irmhild,Hecker,1985-07-17,"Peter-Binner-Straße 7/4
54749 Malchin",(04182) 464422,DE11384505675995381271,35393096753,Hecker@oos.de
51,1,Undine,Stadelmann,1995-08-08,"Mariana-Eberhardt-Straße 4
97743 Lübeck",0309216064,DE82627381306230436686,90125186388,Stadelmann@oos.de
52,1,Nathalie,Ruppert,1978-11-03,"Jungfergasse 34
05852 Schwarzenberg",04307 15512,DE45636546779957114208,63914105992,Ruppert@oos.de
53,1,Amelie,Misicher,1967-03-05,"Martingasse 4/0
92019 Neuss",00869 56993,DE23843329149360078212,93285076576,Misicher@oos.de
54,1,Jovan,Mende,1968-04-30,"Annelise-Rädel-Weg 47
80557 Schleiz",09581440465,DE16620096327981509921,74145910851,Mende@oos.de
55,1,Ronny,Christoph,1976-03-10,"Hans-J.-Becker-Ring 8/3
19297 Seelow",+49 (0) 8698 754569,DE21799226370589588012,00931916553,Christoph@oos.de
56,1,Stilla,Ullrich,1983-08-20,"Karl-Peter-Buchholz-Gasse 985
52186 Göppingen",(01509) 80471,DE07215909274499515472,46955656936,Ullrich@oos.de
57,1,Tony,Krein,1979-09-10,"Schäferweg 5
87092 Hohenmölsen",+49(0)1998 600284,DE34377153407194869988,35316203433,Krein@oos.de
58,1,Songül,Knappe,1967-08-20,"Heringallee 49
87746 Ilmenau",+49 (0) 2240 073836,DE37638643537577547328,07351541159,Knappe@oos.de
59,1,Ingeburg,Scheel,2003-12-12,"Kuhlallee 26
77473 Berlin",04967 39803,DE07059819203870575358,49584601900,Scheel@oos.de
60,1,Heinz-Jürgen,Hiller,1975-03-11,"Diether-Kabus-Straße 94
56909 Görlitz",02132 191350,DE86571189530447709672,37925345143,Hiller@oos.de
61,1,Dörthe,Briemer,1980-10-30,"Schachtstr. 9/6
14133 Luckau",+49 (0) 9538 760352,DE25257069792963562560,40494502251,Briemer@oos.de
62,1,Elli,Gierschner,1972-10-16,"Nadine-Misicher-Weg 4/5
75260 Kelheim",+49 (0) 1659 604342,DE35012545231608841037,93019466531,Gierschner@oos.de
63,1,Mechtild,Zorbach,1991-07-19,"Janin-Seifert-Allee 07
72447 Fallingbostel",02789 504973,DE75281720884835257825,76712134188,Zorbach@oos.de
64,1,Hartmut,Tschentscher,1969-04-26,"Täschestraße 1
21558 Höxter",08042870094,DE66166636764130882565,24014029402,Tschentscher@oos.de
65,1,Stefani,Krebs,1975-08-19,"Schenkgasse 46
42297 Helmstedt",09894409134,DE44568415273206857583,47395907316,Krebs@oos.de
66,1,Waltraut,Hein,1995-07-28,"Zenon-Textor-Allee 1
33375 Böblingen",+49(0)5450 443818,DE98804088629067964861,56837339545,Hein@oos.de
67,1,Marjan,Lange,1996-02-24,"Kensystraße 7/0
06372 Waldmünchen",+49(0)8332549585,DE82399214046942010158,05328864194,Lange@oos.de
68,1,Enno,Schönland,2004-02-24,"Aysel-Gnatz-Ring 1
01518 Moers",+49(0)2459208231,DE29104201070630771979,85565712170,Schönland@oos.de
69,1,Wolf,Gröttner,1981-04-16,"Polina-Fiebig-Allee 049
27047 Gütersloh",+49 (0) 4062 332767,DE48332749323116365900,11257412283,Gröttner@oos.de
70,1,Hans-Josef,Ernst,1975-02-10,"Belinda-Wieloch-Gasse 96
07003 Recklinghausen",+49(0)5383938009,DE85622883099626205470,47643430226,Ernst@oos.de
71,1,Oswald,Juncken,1988-07-16,"Guteallee 2/5
64505 Hildburghausen",02279 49858,DE79855264887157102110,25937040961,Juncken@oos.de
72,1,Ernst-August,Fiebig,1998-05-12,"Römerstraße 9/3
84839 Beilngries",+49(0)6622 606763,DE11955157838115978141,31166686584,Fiebig@oos.de
73,1,Maria,Geißler,1982-06-20,"Bährstr. 41
76251 Füssen",+49(0)0902 630511,DE55024222246180915542,52404370502,Geißler@oos.de
74,1,Hans-Josef,Söding,2004-03-21,"Kensyring 4/7
09658 Berlin",+49(0)6861 966250,DE85571535548487629103,10573901166,Söding@oos.de
75,1,Lydia,Hermann,1986-08-21,"Ludmila-Vollbrecht-Weg 131
30338 Havelberg",09767 785650,DE93520332884623310088,91755366454,Hermann@oos.de
76,1,Polina,Jacob,1993-09-14,"van der Dussenstraße 6/8
58907 Eilenburg",03094 33179,DE96212432064256251050,51056112871,Jacob@oos.de
77,1,August,Hänel,2002-06-10,"Siegmund-Wilms-Allee 798
30005 Celle",06783106717,DE21827670816685310019,22073976868,Hänel@oos.de
78,1,Wenke,Eigenwillig,1972-09-16,"Ben-Birnbaum-Weg 5/4
17888 Badibling",+49 (0) 3105 805142,DE71462798456121673890,02564968058,Eigenwillig@oos.de
79,1,Nuri,Hentschel,2005-01-25,"Scheuermannring 936
61117 Bayreuth",04490831131,DE83693258279781111803,46040945885,Hentschel@oos.de
80,1,Jonas,Pölitz,1998-08-14,"Janette-Bauer-Weg 69
64143 Sangerhausen",08726198125,DE07211712148195718705,70217045333,Pölitz@oos.de
81,1,Ira,Speer,2000-02-06,"Steystr. 368
36490 Ebern",(09363) 143062,DE18674520764837471987,55518676419,Speer@oos.de
82,1,Edward,Bachmann,2007-12-28,"Bienplatz 076
87967 Darmstadt",+49(0)4839198254,DE91013596700703486504,22387752997,Bachmann@oos.de
83,1,Senta,Jessel,2002-11-14,"Schomberplatz 0/1
63869 Wittenberg",0604952908,DE46727874785764341978,53778746462,Jessel@oos.de
84,1,Mohamed,Boucsein,1974-08-17,"Säuberlichring 822
62583 Neustadt am Rübenberge",(06250) 26854,DE51915929907335712921,15078803375,Boucsein@oos.de
85,1,Gundula,Mans,1973-01-04,"Ottokar-Schomber-Weg 248
38385 Kelheim",09153883450,DE69566548755860131319,92793102952,Mans@oos.de
86,1,Iwan,Adolph,1988-07-12,"Scholzgasse 3
33285 Hünfeld",(02119) 82861,DE83328120350288133609,68175203521,Adolph@oos.de
87,1,Zenta,Trubin,1974-06-23,"Victoria-Pohl-Allee 61
55948 Hohenmölsen",06885 25107,DE88778386622903177906,20257189283,Trubin@oos.de
88,1,Nikolas,Kostolzin,1999-08-16,"Lübsweg 47
80786 Marktheidenfeld",(05863) 99595,DE54718902973228422057,65448015747,Kostolzin@oos.de
89,1,Timo,Eberhardt,2002-05-30,"Werneckestr. 19
77670 Sternberg",+49 (0) 5744 445604,DE70639560706753532775,50113639410,Eberhardt@oos.de
90,1,Berthold,Pieper,1976-08-31,"Dorina-Haering-Ring 3
17371 Forchheim",+49 (0) 1103 794965,DE81818113014654908111,43927393614,Pieper@oos.de
91,1,Lieselotte,Kaul,1980-11-14,"Heinz-Georg-Davids-Platz 88
21498 Kleve",+49(0) 160138227,DE84227632970508777611,71603657582,Kaul@oos.de
92,1,Darko,Jäkel,1985-03-03,"James-Jacobi Jäckel-Allee 969
26393 Schmölln",05723563298,DE13630639849867225302,87569092606,Jäkel@oos.de
93,1,Tilman,Schleich,1974-11-28,"Nina-Jüttner-Ring 236
54563 Bogen",0276014266,DE20966670290918757986,53217311858,Schleich@oos.de
94,1,Mia,Bolander,1979-03-04,"Marlen-Pärtzelt-Gasse 0/4
08832 Recklinghausen",+49(0)0511 064305,DE23776961954051076481,96540693789,Bolander@oos.de
95,1,Jens-Uwe,Karz,1977-03-04,"Rudolph-Mies-Platz 95
55810 Senftenberg",(02044) 06570,DE31553783958607526615,34246290856,Karz@oos.de
96,1,Matteo,Reuter,1983-11-07,"Tintzmannplatz 0
18812 Jessen",+49(0) 825854814,DE29341432200426019763,95768931627,Reuter@oos.de
97,1,Korinna,Jäntsch,1996-09-22,"Ute-Carsten-Weg 0/1
98904 Wunsiedel",+49(0)2478809952,DE45359111096043006494,11785075904,Jäntsch@oos.de
98,1,Meryem,Seifert,2006-03-03,"Diethard-Meister-Ring 5/5
21228 Perleberg",+49 (0) 8540 959253,DE07835094670320426668,87118943943,Seifert@oos.de
99,1,Kira,Hörle,1977-07-25,"Hans-Georg-Renner-Gasse 0
79069 Greifswald",+49(0)5199 14111,DE83158911938058469622,29982292076,Hörle@oos.de
100,1,Frieder,Schottin,2003-02-11,"Zirmestr. 646
14998 Brilon",+49 (0) 2466 647239,DE84534312759324581351,46327644283,Schottin@oos.de
101,1,Otto,Mülichen,1995-12-08,"Junkweg 467
89974 Kamenz",+49(0)4147 15675,DE75715212342889891765,05007336130,Mülichen@oos.de
102,1,Gerti,Wesack,1998-11-01,"van der Dussengasse 0/4
94390 Kelheim",+49(0)0277 78293,DE06881537857590748591,90534382178,Wesack@oos.de
103,1,Ismail,Lindau,1978-11-25,"Henschelring 1
72798 Grevenbroich",03347 70288,DE40815561935700464379,92876636629,Lindau@oos.de
104,1,Othmar,Steinberg,1989-06-30,"Antonina-Süßebier-Weg 9
35288 Grevesmühlen",+49(0)2023020546,DE46294857180880306807,35624998894,Steinberg@oos.de
105,1,Bertold,Girschner,1980-05-10,"Dogan-Zobel-Allee 93
84200 Stollberg",0538229175,DE16774871032296568620,98294352042,Girschner@oos.de
106,1,Saban,Oestrovsky,1965-02-09,"Kathi-Sauer-Platz 6/6
68503 Schweinfurt",0598522735,DE03912696750292906281,92470219966,Oestrovsky@oos.de
107,1,Ottokar,Paffrath,2005-02-22,"Knut-Neureuther-Straße 53
87704 Passau",(03037) 937853,DE54774588108702001866,78468334799,Paffrath@oos.de
108,1,Urban,Bärer,1968-08-21,"Dimitrios-Wilmsen-Weg 2/3
17130 Calw",+49(0)3318 80779,DE95565580765008544034,75716263995,Bärer@oos.de
109,1,Erhard,Segebahn,2001-01-23,"Carmen-Pergande-Platz 4
46917 Mühldorf am Inn",(00175) 459924,DE42491440576288028832,56297355266,Segebahn@oos.de
110,1,Christiane,Kostolzin,2004-12-25,"Bachmannstraße 4/8
19406 Wurzen",05503 39866,DE85125820101432736966,57228561153,Kostolzin@oos.de
111,1,Gaby,Gude,1974-10-12,"Reuterallee 1/3
42590 Jüterbog",+49 (0) 4453 114895,DE39781643170505308317,56570006562,Gude@oos.de
112,1,Hertha,Gerlach,1979-07-17,"Paolo-Hertrampf-Ring 2
34037 Demmin",02866 709468,DE74350248388652251255,41731811304,Gerlach@oos.de
113,1,Jasmina,Gotthard,2004-07-31,"Wera-Rörricht-Weg 1/4
57550 Sulzbach-Rosenberg",07516 59667,DE03148908654178253523,62212566039,Gotthard@oos.de
114,1,Goran,Stadelmann,2005-03-14,"Silva-Röhrdanz-Weg 1
44950 Schleiz",+49(0)6070 32968,DE82513179346867157198,66419648519,Stadelmann@oos.de
115,1,Constance,Mende,1995-07-14,"Wirthstraße 1/9
50625 Rochlitz",+49(0) 491063019,DE88894266941449949987,26326249689,Mende@oos.de
116,1,Klaus-Jürgen,Haering,1984-03-06,"Dehmelweg 5/8
79070 Wittmund",+49(0)0847583804,DE05951874287456624925,66456489746,Haering@oos.de
117,1,Niklas,Hahn,1984-12-30,"Gunther-Ebert-Allee 6/6
84273 Niesky",+49(0) 939267246,DE23336458277212479408,65257771336,Hahn@oos.de
118,1,Silvester,Hesse,1970-09-27,"Hesseallee 300
57695 Hannover",07748209010,DE79444053169874966043,17508652585,Hesse@oos.de
119,1,Karoline,van der Dussen,1982-10-09,"Sölzerring 58
74543 Gerolzhofen",04765 37279,DE59318169351258647402,78760892025,van der Dussen@oos.de
120,1,Francesco,Ladeck,2004-10-24,"Kay-Uwe-Kuhl-Ring 8/1
73654 Artern",+49(0)5834 79179,DE46097846128456073649,63177776672,Ladeck@oos.de
121,1,Antonino,Täsche,1971-11-07,"Trubstr. 1
75322 Bad Freienwalde",+49(0)0049 439351,DE62842654517537189514,34818658634,Täsche@oos.de
122,1,Hans-Günther,Geisler,1998-08-14,"Warmerweg 6/0
46608 Ueckermünde",+49(0)9031 54556,DE48924204414486571579,44535024693,Geisler@oos.de
123,1,Karlheinz,Hellwig,1981-08-23,"Juan-Scheibe-Gasse 0/9
00443 Cottbus",+49(0)5898 051437,DE71058883787478227711,74744792113,Hellwig@oos.de
124,1,Imke,Fiebig,2006-12-24,"Conradiring 1/4
24080 Staßfurt",0841657845,DE31496007714574708020,07060493831,Fiebig@oos.de
125,1,Curt,Hiller,1973-03-31,"Clemens-Kobelt-Ring 0
08722 Sternberg",+49 (0) 5922 341184,DE34867030929240827241,05314516891,Hiller@oos.de
126,1,Gusti,Schacht,1975-04-07,"Conradistraße 563
61840 Pritzwalk",+49(0)7786 253804,DE53654424883762934331,36300414789,Schacht@oos.de
127,1,Edelbert,Haering,2006-11-22,"Sylvana-Eckbauer-Gasse 90
05118 Ueckermünde",0208434309,DE97581048019764876403,66270165476,Haering@oos.de
128,1,Elwira,Kostolzin,1977-02-23,"Sönke-Schmiedt-Weg 373
65368 Düren",(04112) 700367,DE29123012016268017542,21804251355,Kostolzin@oos.de
129,1,Hans-Herbert,Linke,1963-12-21,"Irmtrud-Segebahn-Weg 092
05098 Lüdinghausen",+49(0)3615 091515,DE27785818003475097444,61899955131,Linke@oos.de
130,1,Jaqueline,Gerlach,1971-06-08,"Meisterstr. 993
56123 Bergzabern",+49(0)2383 193910,DE68002534779143890559,50885283653,Gerlach@oos.de
131,1,Berthold,Ullmann,1995-07-15,"Bährgasse 26
08503 Gießen",+49(0)8005 82968,DE68623316031882226571,89969484498,Ullmann@oos.de
132,1,Caren,Pechel,1996-09-29,"Holstenring 5/5
18754 Wanzleben",09966 751067,DE20209210228983377449,65772274826,Pechel@oos.de
133,1,Jörg-Peter,Kabus,1976-11-08,"Berend-Ernst-Ring 91
75567 Marktheidenfeld",03494 11825,DE04784744994042555288,75366012341,Kabus@oos.de
134,1,Reinhold,Lange,1991-01-09,"Meisterweg 8/0
86277 Grimma",0287296545,DE78717339064440796363,43015611534,Lange@oos.de
135,1,Björn,Scheibe,1975-10-15,"Keudelstr. 8
94080 Eutin",08195341280,DE85491084361907023457,89562031239,Scheibe@oos.de
136,1,Ulrike,Hettner,1967-08-08,"Krausestr. 2
72802 Witzenhausen",+49(0) 513715758,DE62991978573079028855,69998804528,Hettner@oos.de
137,1,Sylvio,Häring,1991-12-30,"Dörte-Mans-Allee 545
24503 Roth",+49(0)4762392924,DE58178020394326818698,84798934535,Häring@oos.de
138,1,Roy,Mans,2001-05-21,"Hans-Peter-Gröttner-Platz 939
12112 Merseburg",+49(0) 117798149,DE64332563785667933505,33350654349,Mans@oos.de
139,1,Eckhardt,Heidrich,1996-08-31,"Georgine-Beyer-Allee 1
34151 Mellrichstadt",(01958) 056722,DE16742008622332724195,17854315699,Heidrich@oos.de
140,1,Kornelius,Eckbauer,1996-12-21,"Ronny-Junck-Platz 59
51182 Nördlingen",03155697600,DE87555586801054085671,62044926987,Eckbauer@oos.de
141,1,Wiebke,Wohlgemut,2000-06-16,"Gröttnerweg 55
66968 Kyritz",+49(0) 135642789,DE58451417068107036387,07416204666,Wohlgemut@oos.de
142,1,Arno,Wulf,1993-08-26,"Zirmegasse 81
08033 Emmendingen",+49(0) 413176188,DE41508516251988030112,66867386800,Wulf@oos.de
143,1,Freddy,Hahn,2005-05-01,"Klemmweg 12
38444 Freital",(02040) 352146,DE18934396698152967473,97571114613,Hahn@oos.de
144,1,Pero,Fliegner,1996-07-30,"Rolf-Peter-Hettner-Weg 5/5
06955 Kelheim",05309 84702,DE83198712603154416827,64643408160,Fliegner@oos.de
145,1,Margita,auch Schlauchin,1995-06-26,"Verena-Mentzel-Weg 0
25458 Berchtesgaden",(06777) 37764,DE34816850238250721550,76940555201,auch Schlauchin@oos.de
146,1,Enno,Schottin,1980-03-16,"Müllerplatz 302
42788 Iserlohn",+49(0)2823 06844,DE91613418731736619428,88917451594,Schottin@oos.de
147,1,Götz,Hering,1969-06-03,"Dehmelplatz 309
63745 Sigmaringen",01744 86428,DE47838250220480636379,33863143233,Hering@oos.de
148,1,Henrike,Mälzer,1984-06-21,"Rennerweg 9/7
63636 Borna",+49(0)0305 02320,DE17031691118991008318,25714466273,Mälzer@oos.de
149,1,Erdmute,Bonbach,1990-11-02,"Nina-Käster-Platz 471
15946 Kleve",0939645183,DE33729232823211170678,05100871697,Bonbach@oos.de
150,1,Heidi,Beyer,1972-10-13,"Adlerring 831
47813 Schrobenhausen",+49(0) 477164244,DE86912264921002598797,64949453619,Beyer@oos.de
151,1,Hassan,Wulff,1996-08-10,"Angelica-Eberhardt-Weg 4/7
19811 Hünfeld",(09027) 743027,DE77011676428028145599,79284475814,Wulff@oos.de
152,1,Markus,Tlustek,2004-12-29,"Claudia-Tintzmann-Straße 9/2
61135 Karlsruhe",(01861) 49779,DE16493631350553609173,27521995591,Tlustek@oos.de
153,1,Mohammed,Hertrampf,1968-12-08,"Pieperstr. 6/7
77793 Schlüchtern",+49(0)3448 929967,DE89595453129159742938,85055093698,Hertrampf@oos.de
154,1,Cetin,Neureuther,1976-11-02,"Trude-Tröst-Platz 57
78614 Cuxhaven",02265 51014,DE47981644350869551574,21968411060,Neureuther@oos.de
155,1,Vera,Reising,1989-01-31,"Schulzgasse 7
04555 Fallingbostel",+49 (0) 7358 590335,DE52068264349362646341,36434984330,Reising@oos.de
156,1,Rosa-Maria,Lorch,1986-06-14,"Galina-Beer-Weg 37
70006 Kelheim",06642 77733,DE37832989380805258774,43595802053,Lorch@oos.de
157,1,Carmine,Holsten,1985-10-01,"Kristina-Buchholz-Platz 623
17695 Badoberan",03815 778360,DE27217527876287586405,57981582802,Holsten@oos.de
158,1,Petra,Bien,2006-04-02,"Wulf-Bohnbach-Weg 1
09911 Wernigerode",01477 883603,DE18698356813791921003,02169214753,Bien@oos.de
159,1,Darius,Weller,1967-02-28,"Rosmarie-Metz-Ring 2/9
09371 Gifhorn",+49(0)4994356229,DE62403728048681889449,80376344280,Weller@oos.de
160,1,Anna,Gerlach,1968-06-30,"Killergasse 2/6
57634 Teterow",(02683) 02936,DE85281927049865697019,14148745779,Gerlach@oos.de
161,1,Francis,Briemer,1982-08-12,"Luciano-Gnatz-Straße 59
02229 Augsburg",08930 00058,DE75035726154810944960,44356219582,Briemer@oos.de
162,1,Nikolai,Römer,2005-10-07,"Lissy-Schleich-Platz 3
42511 Witzenhausen",+49(0)9768 58807,DE29025500122082899227,86205248291,Römer@oos.de
163,1,Emanuel,Misicher,2000-01-05,"Kuhlweg 9
33876 Gardelegen",(09353) 000803,DE82062035504919543316,60996026783,Misicher@oos.de
164,1,Friedericke,Lübs,1967-10-26,"Alena-Jockel-Weg 8
84780 Sankt Goarshausen",+49(0) 494397112,DE24943785583035554066,93004251989,Lübs@oos.de
165,1,Dajana,Henck,1995-08-08,"Gisela-Meyer-Gasse 30
76020 Wunsiedel",05714 49864,DE74221911598483348112,58794807282,Henck@oos.de
166,1,Türkan,Freudenberger,1995-12-14,"Lukas-Heydrich-Allee 170
61168 Kulmbach",+49(0)4143 082368,DE43092104029995121957,01191078897,Freudenberger@oos.de
167,1,Claire,Koch,1986-09-25,"Hellwiggasse 10
65794 Peine",+49(0)6412 323131,DE41855241394544228209,47751592739,Koch@oos.de
168,1,Lili,Gumprich,1964-07-27,"Hesergasse 415
93685 Pritzwalk",(05449) 05091,DE05912671437656943035,63140253208,Gumprich@oos.de
169,1,Traugott,Bloch,2003-10-23,"Weißstraße 8
40482 Karlsruhe",01206 416921,DE41662867965294405360,82750685405,Bloch@oos.de
170,1,Ingolf,Zirme,1974-12-18,"Donald-Gumprich-Weg 65
53114 Kronach",(07504) 187251,DE21763180157799104915,95481895925,Zirme@oos.de
171,1,Hans Georg,Schäfer,1990-02-21,"Melanie-Löchel-Weg 996
78700 Jüterbog",0836597173,DE82590000822878704049,88576889563,Schäfer@oos.de
172,1,Jeannette,Henschel,1968-05-24,"Albersweg 1/3
96468 Roth",+49 (0) 1923 315177,DE20571090297611639958,48935097318,Henschel@oos.de
173,1,Ortrud,Ernst,2005-01-02,"Rolf-Peter-Hecker-Gasse 403
61825 Sebnitz",(00131) 029661,DE19147601905014644667,07431370155,Ernst@oos.de
174,1,Erkan,Krause,1966-04-17,"Klingelhöferstraße 4
95237 Mühldorf am Inn",06133 62732,DE49156746139505979544,71859180167,Krause@oos.de
175,1,Slawomir,Preiß,1994-09-16,"Thiesring 49
52618 Sondershausen",05191993033,DE10590605143957143051,63421122443,Preiß@oos.de
176,1,Andree,Heintze,2002-09-25,"Rädelstraße 30
18013 Schleiz",+49(0) 501321288,DE73770920376786363470,10172635972,Heintze@oos.de
177,1,Arnfried,Ortmann,1976-09-17,"Ritterplatz 6/6
33274 Miltenberg",07713 20629,DE11508862220565533331,41747491735,Ortmann@oos.de
178,1,Joachim,Schlosser,1970-06-10,"Seidelplatz 4
48484 Greifswald",02437 283377,DE02067642676207007540,54280231013,Schlosser@oos.de
179,1,Jonas,Wende,1977-07-12,"Langestraße 1/0
74306 Steinfurt",+49 (0) 6921 762252,DE65534831219941993847,89400214874,Wende@oos.de
180,1,Miguel,Reinhardt,1966-08-14,"Hans-Bernd-Weller-Allee 8
49731 Eckernförde",+49(0) 830126306,DE85299092240428041954,59969063929,Reinhardt@oos.de
181,1,Hellmuth,Huhn,1993-06-10,"Heini-Beyer-Ring 6
64647 Mittweida",01727 396776,DE86115101462726948785,34513957336,Huhn@oos.de
182,1,Hermann,Steuer,1989-01-10,"Peukertstraße 0/6
24903 Soltau",+49(0)9937 399529,DE69806406199976092757,83130058015,Steuer@oos.de
183,1,Lotte,Stolze,1992-04-28,"Reinhardtgasse 85
99590 Parchim",0984450497,DE10760911721787595859,18326444076,Stolze@oos.de
184,1,Rafael,Meister,1987-10-18,"Svetlana-Holt-Allee 357
50384 Rudolstadt",+49(0)5789 15244,DE53196023034182264760,57394995658,Meister@oos.de
185,1,Inken,Finke,2002-08-18,"Scheelallee 0
87914 Miesbach",0857725700,DE22002051972397544381,17008895752,Finke@oos.de
186,1,Mareike,Staude,1980-01-18,"Römerweg 973
09423 Perleberg",+49 (0) 8079 436474,DE77910717578649564093,52819938114,Staude@oos.de
187,1,Martine,Jessel,2001-04-29,"Berend-Geisler-Ring 8
39236 Fürstenfeldbruck",(04287) 43369,DE15306115355798951386,44524392655,Jessel@oos.de
188,1,Lucia,Tröst,1991-12-12,"Karl-Dieter-Lorch-Weg 110
55053 Gütersloh",+49 (0) 9760 148942,DE37861246268232820238,76148887433,Tröst@oos.de
189,1,Katarzyna,Preiß,1979-07-29,"Stollring 1
53264 Regensburg",+49(0) 276470289,DE11368149654799520645,75160403194,Preiß@oos.de
190,1,Edeltraut,Bender,1982-07-20,"Gnatzring 48
36906 Ilmenau",(03029) 603656,DE17258180907969150099,25668725688,Bender@oos.de
191,1,Gottlob,Roht,1965-04-15,"Ramon-Gude-Weg 4
37656 Sternberg",(07637) 132472,DE32228105657067813239,57646240627,Roht@oos.de
192,1,Ella,Kade,1988-04-19,"Grein Grothgasse 302
70942 Paderborn",(03604) 050850,DE50443009770101155126,47453326879,Kade@oos.de
193,1,Margret,Oderwald,1984-12-05,"Heintzestr. 2
94193 Cloppenburg",(05987) 51619,DE95885385420838925143,18395295008,Oderwald@oos.de
194,1,Tobias,Salz,1969-06-01,"Gloria-Hartung-Ring 79
65525 Gifhorn",+49(0) 885856475,DE40151760582580814607,92997549754,Salz@oos.de
195,1,Nico,Stroh,2006-11-07,"Stephanie-Fritsch-Straße 3
86455 Spremberg",+49(0)0872241232,DE37950169409260392680,88121578804,Stroh@oos.de
196,1,Minna,Dietz,1992-12-05,"Lisette-Jäntsch-Allee 31
01033 Hildburghausen",+49(0) 926978627,DE64434495668879209374,66423173051,Dietz@oos.de
197,1,Traude,Bohlander,2002-11-05,"Geza-Sager-Platz 0/4
50806 Sankt Goar",01517883360,DE67678795843238687166,49229394440,Bohlander@oos.de
198,1,Guntram,Hertrampf,1993-07-25,"Zofia-Rogge-Weg 0/6
36933 Geithain",+49(0)3009 760810,DE56273785251260561984,03643472441,Hertrampf@oos.de
199,1,Gero,Bien,1969-05-28,"Pruschkering 782
55335 Warendorf",09194 286990,DE68278661757482180601,97880751590,Bien@oos.de
200,1,Ursula,Kostolzin,1965-11-13,"Vanessa-Geisel-Weg 8
15764 Aachen",03184 78698,DE74798358213335429157,83714122562,Kostolzin@oos.de
201,1,Albin,Trubin,1966-07-22,"Henschelallee 47
76262 Spremberg",(05388) 463490,DE10166805698866511787,04330584911,Trubin@oos.de
202,1,Cengiz,Wende,1993-06-23,"Barthplatz 9
07659 Nördlingen",04435761340,DE97090715544322772320,81333385164,Wende@oos.de
203,1,Alexei,Rädel,1967-06-04,"Mechthild-Krebs-Weg 679
19798 Böblingen",04068309730,DE54630895881683084985,27410698436,Rädel@oos.de
204,1,Betti,Briemer,1982-10-09,"Benjamin-Misicher-Ring 2/1
80612 Eckernförde",+49(0)6508 90481,DE91162038294122785995,49965891900,Briemer@oos.de
205,1,Jan-Peter,Karge,1969-02-23,"Mirco-Scheibe-Gasse 9
50469 Hofgeismar",+49(0)6399 118653,DE12175799508343253740,03445984709,Karge@oos.de
206,1,Fatma,Dippel,1982-07-26,"Isidor-Steckel-Ring 180
13351 Schrobenhausen",08895685275,DE90816645318770332725,66388356340,Dippel@oos.de
207,1,Heini,Schleich,2005-10-10,"Anne-Katrin-Schuster-Ring 3/3
98881 Flöha",05905 82133,DE02146084548104656326,89793258977,Schleich@oos.de
208,1,Edelbert,Heß,1972-12-28,"Ronald-Scholtz-Allee 374
21537 Havelberg",02514875782,DE58085079219636379752,82379265410,Heß@oos.de
209,1,Hannes,Gude,1983-11-07,"Thomas-Vogt-Straße 8/3
98545 Weißenfels",00732 36976,DE20190445679871259863,41513615518,Gude@oos.de
210,1,Gundi,Täsche,1991-07-01,"Zänkerstr. 23
65835 Euskirchen",+49(0) 714770129,DE40874764787373883990,98167609924,Täsche@oos.de
211,1,Sylke,Klingelhöfer,1977-10-25,"Schülerplatz 52
32103 Auerbach",(02580) 04364,DE79579160853216343266,81183316158,Klingelhöfer@oos.de
212,1,H.-Dieter,Juncken,1982-10-19,"Thanelring 527
37094 Lichtenfels",08731777274,DE35232565766351983107,42649331237,Juncken@oos.de
213,1,Miguel,Junken,1983-06-02,"Hendriksweg 5
86152 Nordhausen",00119 408500,DE80496149979533469423,94436538594,Junken@oos.de
214,1,Karl,Binner,1969-07-17,"Ladeckweg 012
86735 Peine",(07106) 78056,DE08061044272244686465,54919601205,Binner@oos.de
215,1,Mariola,Franke,1998-09-21,"Gottfried-Tröst-Platz 0
53639 Bremervörde",08671 80857,DE83449285759655373810,32314743429,Franke@oos.de
216,1,Klaus-Ulrich,Kensy,1964-01-30,"Rolf-Dieter-Killer-Straße 4
86274 Forst",09829022576,DE69997112084895365210,44705601826,Kensy@oos.de
217,1,Nina,Schwital,1974-02-07,"Meyergasse 4
85630 Lörrach",+49(0) 553736567,DE65187970694547721326,58457060992,Schwital@oos.de
218,1,Hartmuth,Matthäi,1988-04-26,"Schmidtkeweg 6
08722 Cuxhaven",08751 59370,DE12318481010621576435,57654501475,Matthäi@oos.de
219,1,Norbert,Rose,1993-12-23,"Täscheplatz 77
11637 Böblingen",+49(0)5353 44042,DE80029918339283502711,57485851782,Rose@oos.de
220,1,Sybilla,Finke,1979-04-23,"Schäferstraße 49
87896 Bad Mergentheim",+49(0)8080 224055,DE03300412262483579216,78903118412,Finke@oos.de
221,1,Florian,Dussen van,2007-11-15,"Leonie-Hänel-Platz 5
23323 Diepholz",(08075) 837462,DE13985475699975194588,70892430407,Dussen van@oos.de
222,1,Uta,Henk,1981-04-13,"Sybille-Holzapfel-Weg 828
87493 Cuxhaven",+49(0)2213 13145,DE32735368362784606925,94480713900,Henk@oos.de
223,1,Nikolas,Mies,1977-12-10,"Langestraße 607
24537 Genthin",0321269780,DE28620280348638319320,55814521160,Mies@oos.de
224,1,Slobodan,Klapp,1980-07-19,"Natalie-Bohlander-Straße 8
24936 Duderstadt",(07098) 16612,DE75141288134380583664,87888338043,Klapp@oos.de
225,1,Theodora,Hofmann,1969-05-30,"Alberto-Jopich-Weg 1/7
58840 Mühldorf am Inn",00210 567817,DE71398137217162124072,00781998919,Hofmann@oos.de
226,1,Suse,Schlosser,1979-06-15,"Herrmannweg 42
40848 Spremberg",+49 (0) 9628 248501,DE43786105810723979581,59620209497,Schlosser@oos.de
227,1,Etta,Hornig,2005-09-18,"Guteplatz 4/1
92082 Arnstadt",03713 267739,DE35372496904277827795,51042633372,Hornig@oos.de
228,1,Max,Heintze,1978-07-25,"Reingard-Schmidt-Ring 486
87045 Schmölln",+49(0) 752618408,DE39701087679696936211,23814105984,Heintze@oos.de
229,1,Gino,Gorlitz,1985-09-13,"Etzlerring 4/7
82911 Delitzsch",+49(0)6959102671,DE20575590509508321776,73081608525,Gorlitz@oos.de
230,1,Iris,Haase,1987-10-20,"Sergej-Eberth-Gasse 29
11174 Kaiserslautern",(02548) 150799,DE23940128196811661531,40435367007,Haase@oos.de
231,1,Leyla,Weinhage,1995-07-28,"Freudenbergerstr. 630
03046 Greifswald",0004181731,DE57665437081625229985,26487534120,Weinhage@oos.de
232,1,Hellmuth,Warmer,1980-03-19,"Etzlerallee 389
19577 Rottweil",+49(0) 998591670,DE41996469970133392873,39684052520,Warmer@oos.de
233,1,Wera,Jacobi Jäckel,1982-04-20,"Weihmannring 4
29208 Ahaus",+49(0)3018 11254,DE16463422616243169055,93609589229,Jacobi Jäckel@oos.de
234,1,Nikola,Birnbaum,1976-01-25,"Junkenstr. 58
09470 Seelow",+49(0)1973 93101,DE74896962857071585904,89857593457,Birnbaum@oos.de
235,1,Klaus-Jürgen,Eberth,1986-11-26,"Junkplatz 7/4
17470 Eisenhüttenstadt",+49(0)1174 42677,DE34933238374016153387,27740037034,Eberth@oos.de
236,1,Jaroslaw,Drub,1965-04-19,"Bianka-Sager-Allee 2
08865 Niesky",+49(0)6531 85707,DE31042448963338367716,34329141673,Drub@oos.de
237,1,Rebekka,Jungfer,1989-07-02,"Mary-Jäntsch-Platz 135
39842 Hamburg",07224 19509,DE66749082312236052830,08749785345,Jungfer@oos.de
238,1,Theresia,Gute,2002-03-14,"Inna-Scheuermann-Ring 6/7
63847 Greiz",+49(0)9851 11476,DE17094029069200016598,24052403104,Gute@oos.de
239,1,Marlies,Weinhage,1989-10-14,"Sorgatzstr. 1/8
17020 Euskirchen",0774742250,DE65549726805190739785,06141382442,Weinhage@oos.de
240,1,Beata,Mude,1967-05-02,"Ljiljana-Gehringer-Allee 08
95845 Ebermannstadt",0954104583,DE98761066995420468099,50395788804,Mude@oos.de
241,1,Hans-Rudolf,Rörricht,1984-02-09,"Cosima-Lachmann-Platz 76
85532 Neustadt am Rübenberge",(01452) 89657,DE34074204267314077493,21399409605,Rörricht@oos.de
242,1,Geraldine,Mans,1986-12-21,"Thea-Köhler-Weg 0
96063 Borken",08801447947,DE96697216695717414189,59049400370,Mans@oos.de
243,1,Ralph,Mülichen,1974-02-24,"Hans-Erich-Mude-Weg 154
11988 Fallingbostel",+49(0)8278 832508,DE09570602789259349745,70139251668,Mülichen@oos.de
244,1,Willi,Schmidtke,1976-07-04,"Ina-Loos-Ring 7
70291 Gardelegen",+49(0) 820975057,DE92679656973605809175,64650984942,Schmidtke@oos.de
245,1,Dino,Wiek,1981-04-16,"Christian-Fiebig-Gasse 4
93733 Sigmaringen",+49(0)0198813720,DE98405565437660068335,67109715559,Wiek@oos.de
246,1,Ingetraut,Faust,1967-11-13,"Holtstraße 1/4
60636 Demmin",+49 (0) 2571 683570,DE97409223809036849759,48722593462,Faust@oos.de
247,1,Filippo,Förster,2007-07-13,"Elise-Ebert-Gasse 2/1
32702 Regensburg",+49(0)3150 07874,DE02510744316233792450,15499467655,Förster@oos.de
248,1,Christof,Dehmel,2002-06-18,"Wendeweg 73
12391 Kulmbach",+49(0)4954 90742,DE39341732932002829514,83068831921,Dehmel@oos.de
249,1,Jaroslaw,Schweitzer,2003-10-06,"Slawomir-Trüb-Straße 371
53421 Schmölln",0400000182,DE20899958012567864082,16431312958,Schweitzer@oos.de
250,1,Hans-Wolfgang,Hübel,2002-09-16,"Loretta-Tintzmann-Platz 726
03696 Hechingen",(01859) 877217,DE72008704607895162168,36020839478,Hübel@oos.de
251,1,Ilonka,Köster,1969-01-28,"Dariusz-Dörr-Weg 8
15785 Artern",(00230) 40559,DE10669195386028780836,62686740747,Köster@oos.de
252,1,Antonina,Bender,1968-06-03,"Ringring 4
71449 Gransee",(04954) 48714,DE63212816462916483556,68787915988,Bender@oos.de
253,1,Mandy,Karz,1969-04-04,"Albersgasse 334
68355 Fulda",+49(0)4581 168673,DE36917939543568829557,29200603521,Karz@oos.de
254,1,Andrei,Preiß,1989-11-12,"auch Schlauchinallee 83
35276 Kyritz",08317 14072,DE31764467624870389056,50728055884,Preiß@oos.de
255,1,Fredo,Pieper,1994-06-04,"Freya-Schweitzer-Weg 40
36957 Pößneck",+49(0)5293 93480,DE95237513505206615108,11458540004,Pieper@oos.de
256,1,Theodor,Klotz,1983-04-13,"Junkenweg 1
54560 Wolfenbüttel",+49(0)0655 947803,DE68653029461257825475,43682706840,Klotz@oos.de
257,1,Bozena,Jockel,1974-08-04,"Werneckering 20
90179 Burg",(04628) 84103,DE24452733991500558930,75699093891,Jockel@oos.de
258,1,Canan,Vogt,1979-05-16,"Rouven-Schleich-Platz 3/9
18403 Germersheim",00390488786,DE41452707183651969573,30922858486,Vogt@oos.de
259,1,Sarina,Käster,2005-03-20,"Dietzstr. 23
39083 Lüneburg",(03080) 15045,DE95301675053950063192,23713246238,Käster@oos.de
260,1,Alex,Spieß,1997-04-13,"Södingstraße 628
13338 Anklam",+49(0) 805349467,DE92911665605097182179,62248566756,Spieß@oos.de
261,1,Ernst-August,Dowerg,1969-06-06,"Zdravko-Hettner-Ring 539
47156 Norden",08193 65623,DE82934301909413629669,56614655296,Dowerg@oos.de
262,1,Natalia,Kade,1975-06-29,"Köhlerstraße 3
68686 Schwarzenberg",00170948784,DE23792037410890587672,84654830321,Kade@oos.de
263,1,Toralf,Barkholz,1970-11-11,"Gretl-Schmiedt-Gasse 0/2
33619 Berchtesgaden",+49 (0) 1044 828098,DE67606905441908572717,40143593762,Barkholz@oos.de
264,1,Margrit,Caspar,1965-04-06,"Walentina-Lübs-Weg 9/5
37084 Düren",00059 79505,DE96376743127315948878,28209172141,Caspar@oos.de
265,1,Yilmaz,Döhn,1971-04-02,"Hans-Hermann-Killer-Weg 08
02734 Potsdam",+49(0) 575916770,DE48786967149840044391,05302985255,Döhn@oos.de
266,1,Gönül,Zänker,1985-12-20,"Gnatzweg 1
76377 Hohenstein-Ernstthal",+49(0)1531745291,DE48026073449464587388,40360685761,Zänker@oos.de
267,1,Grzegorz,Grein Groth,2001-04-30,"Hakan-Hübel-Ring 7
48100 Sigmaringen",+49 (0) 3330 378672,DE87363766341908373452,58912853274,Grein Groth@oos.de
268,1,Ingbert,Mende,1986-06-17,"Lachmanngasse 31
74800 Schmölln",01602 38807,DE38774142990444026943,69090045364,Mende@oos.de
269,1,Stefani,Jopich,2005-07-28,"Winfried-Lorch-Straße 43
59952 Säckingen",+49(0)3265 886009,DE54398273039514132847,42052855935,Jopich@oos.de
270,1,Wolfhard,Gumprich,1999-10-23,"Staudegasse 40
77463 Meppen",05988 64348,DE34291425109423262031,23455646964,Gumprich@oos.de
271,1,Wolf-Dieter,Meister,2003-03-15,"Änne-Kallert-Platz 721
35531 Greifswald",07015 77040,DE87712267448608263096,38505327046,Meister@oos.de
272,1,Traute,Boucsein,1966-05-26,"Fröhlichstraße 84
23612 Finsterwalde",05102 754519,DE10154087359255388943,99846194022,Boucsein@oos.de
273,1,Justus,Kuhl,1978-06-30,"Zänkerstraße 901
57802 Lübz",+49(0)0928 111855,DE60065079661880568035,39272468087,Kuhl@oos.de
274,1,Renata,Mangold,2002-06-03,"Bauerplatz 2
37253 Scheinfeld",0893215868,DE54287773122664953459,02953920764,Mangold@oos.de
275,1,Dariusz,Heydrich,1987-06-02,"Harald-Ruppersberger-Allee 592
57216 Mühldorf am Inn",+49(0)2763 763419,DE48612063611151865452,28463261360,Heydrich@oos.de
276,1,Darko,Weimer,1971-03-15,"Wohlgemutstraße 56
28281 Marienberg",(03593) 41648,DE59262849017155622687,69832522352,Weimer@oos.de
277,1,Clarissa,Caspar,2006-11-21,"Hiltraud-Stiffel-Straße 667
38787 Stade",+49(0) 600007016,DE11154663954901523922,59254164620,Caspar@oos.de
278,1,Esther,Wernecke,1976-09-10,"Gaetano-Gehringer-Platz 86
94220 Erbisdorf",+49(0) 836734575,DE61463938210792710137,54219818682,Wernecke@oos.de
279,1,Etta,Zahn,1977-10-26,"Noackstr. 480
03837 Hoyerswerda",+49(0)9537 488910,DE12466982824363476388,24807527353,Zahn@oos.de
280,1,Friedhelm,Trommler,1980-08-01,"Ehlertstraße 4
46098 Soltau",+49(0)5156112147,DE38901263156957072169,21686789348,Trommler@oos.de
281,1,Jost,Kühnert,1966-06-21,"Krauseweg 6/6
77665 Rostock",(03889) 83177,DE23897882594409784205,08776441040,Kühnert@oos.de
282,1,Peer,Rust,1998-03-19,"Constantin-Rosenow-Allee 394
42222 Vilsbiburg",+49(0)7319 043859,DE35843181331189818891,33896423733,Rust@oos.de
283,1,Cosimo,Reichmann,1981-02-17,"Krebsallee 814
67745 Kamenz",05052362315,DE12441726226673962928,35714730422,Reichmann@oos.de
284,1,Tadeusz,Pechel,1987-10-30,"Schleichstr. 42
23298 Badibling",0863179787,DE19261710124715903420,97092092297,Pechel@oos.de
285,1,Larissa,Stolze,1996-11-25,"Karl-Georg-Weimer-Weg 32
37051 Stollberg",+49(0)6624 596197,DE91494236714085090020,80869655483,Stolze@oos.de
286,1,Pascal,Pergande,2005-09-19,"Theodor-Höfig-Ring 3
99139 Altötting",+49 (0) 4182 375005,DE39249870286200360506,54778447203,Pergande@oos.de
287,1,Helfried,Löwer,1998-06-27,"Elvira-Adler-Straße 789
77951 Neubrandenburg",(04377) 61608,DE33044924082503628085,95416006179,Löwer@oos.de
288,1,Ercan,Börner,1999-10-31,"Kästerstraße 95
13906 Genthin",02223607724,DE97988927074824146489,82402354582,Börner@oos.de
289,1,Hardy,Ziegert,2005-09-09,"Balthasar-Schönland-Gasse 4/3
95924 Belzig",(07963) 482229,DE96515796826554978430,07619056361,Ziegert@oos.de
290,1,Heidi,Wesack,1986-08-08,"Cord-Etzold-Platz 273
28883 Brand",+49(0)2740 112143,DE56216213828570480286,46034263338,Wesack@oos.de
291,1,Leni,Biggen,1990-06-02,"Brit-Franke-Weg 8
65138 Miltenberg",+49(0)1403230396,DE39710275464404868947,44332878282,Biggen@oos.de
292,1,Julius,Beer,2007-02-12,"Rosenowring 41
39120 Berlin",0574764440,DE36339711225168993533,39736972696,Beer@oos.de
293,1,Sibille,Jungfer,1987-01-22,"Emmy-Müller-Straße 0/2
18343 Eberswalde",+49(0) 025909511,DE52712926871261802816,46301778419,Jungfer@oos.de
294,1,Karlfried,Gutknecht,2008-03-17,"Rüdiger-Plath-Gasse 839
99920 Vechta",+49 (0) 5742 335532,DE45711173155867895664,55249023117,Gutknecht@oos.de
295,1,Istvan,Sorgatz,1995-02-20,"Kostolzinstraße 2
44586 Chemnitz",+49(0)3765714308,DE79419642165834754246,51027418212,Sorgatz@oos.de
296,1,Darko,Girschner,1965-09-20,"Helma-Drewes-Allee 036
16683 Regensburg",0570480968,DE51666980167937126463,24180644362,Girschner@oos.de
297,1,Caren,Eckbauer,1963-07-20,"Tülay-Wende-Platz 43
40068 Wesel",+49(0)2259 81550,DE69476020737831136780,12456477139,Eckbauer@oos.de
298,1,Jakob,Häring,1984-05-04,"Romy-Bien-Straße 882
14630 Hansestadttralsund",01236 027240,DE25742386629843776943,94734390562,Häring@oos.de
299,1,Sigrid,Bohlander,1970-10-25,"Iwona-Wohlgemut-Gasse 9/9
85930 Uelzen",+49 (0) 7387 871084,DE18959905978858359901,46466171093,Bohlander@oos.de
300,1,Hans-Hinrich,Drub,1977-02-04,"Evelyne-Barth-Allee 660
62277 Stollberg",+49(0) 231108051,DE36557683402329791622,22512189653,Drub@oos.de
301,1,Berit,Karz,1993-01-29,"Ildiko-Förster-Straße 928
15258 Melle",0112294639,DE65947248251741110504,75330450854,Karz@oos.de
302,1,Lucia,Bolzmann,1967-01-23,"Ditschlerinstr. 3
51109 Hoyerswerda",01442 417990,DE82126612039437748475,97261169232,Bolzmann@oos.de
303,1,Angelika,Wähner,1994-01-03,"Seipstraße 961
55645 Rochlitz",(04105) 570460,DE89821894710560631928,98883107497,Wähner@oos.de
304,1,Emmerich,Klotz,1963-07-01,"Danilo-Sauer-Allee 1/2
08768 Recklinghausen",(01796) 18182,DE56488313431410156496,80981246598,Klotz@oos.de
305,1,Toralf,Kraus,2007-06-11,"Alfonso-Roht-Platz 9/6
25245 Magdeburg",02772 076077,DE51370608545114449246,06961698120,Kraus@oos.de
306,1,Marga,Misicher,2003-07-17,"Vittorio-Striebitz-Platz 65
34455 Gransee",07918 518918,DE38497159187946636828,10896013157,Misicher@oos.de
307,1,Klaus,Hartung,1966-11-07,"Schmiedtstr. 5
46054 Belzig",+49(0)7401 973050,DE45054704279815357129,88692806274,Hartung@oos.de
308,1,Ali,Segebahn,1991-08-06,"Peukertplatz 837
90099 Osterburg",(01347) 72017,DE05326708177707622423,45025005615,Segebahn@oos.de
309,1,Rigo,Schaaf,1977-07-16,"Bruderstraße 7/0
78823 Sonneberg",0652840252,DE75789608866659863625,59488514042,Schaaf@oos.de
310,1,Songül,Albers,1990-05-13,"Martinstraße 909
71292 Hohenstein-Ernstthal",+49(0)8272 90420,DE24104621858574488527,76694302889,Albers@oos.de
311,1,Thorben,Hövel,1966-05-10,"Cindy-Ullrich-Ring 4/4
97969 Königs Wusterhausen",+49(0)7813 74062,DE30200425548281418842,37574728921,Hövel@oos.de
312,1,Heidrun,Scholtz,1993-04-19,"Heinz-Joachim-Löffler-Gasse 5/0
06178 Mellrichstadt",09223 96729,DE94054816363251957823,95012831792,Scholtz@oos.de
313,1,Hans-Karl,Bolander,1999-09-07,"Jüttnerplatz 29
98848 Wittmund",+49(0)7592 064552,DE83704360265602079022,47120397379,Bolander@oos.de
314,1,Jakob,Geisel,1985-04-20,"Siegmar-Täsche-Allee 74
70860 Güstrow",+49(0) 496616378,DE79038936623544400428,27605179545,Geisel@oos.de
315,1,Malgorzata,Trub,1983-02-23,"Södingstr. 3
97468 Potsdam",+49(0)5419 890034,DE46098344792828205279,55120644459,Trub@oos.de
316,1,Rotraud,Reinhardt,1984-02-23,"Schinkeweg 1/3
65648 Meiningen",02479 66627,DE53462297452122614110,52520009069,Reinhardt@oos.de
317,1,Rosita,Speer,1989-03-30,"Hans-Rainer-Rädel-Weg 4/8
79543 Kitzingen",00134799556,DE51211699561284587755,62258836410,Speer@oos.de
318,1,Marko,Koch II,1974-07-01,"Stollring 6
56866 Witzenhausen",+49(0)3577 443687,DE39955122050814027006,61426365422,Koch II@oos.de
319,1,Steffi,Kobelt,1975-07-25,"Girschnerallee 2/8
13312 Backnang",+49(0)2772 26136,DE56075059055532426870,23931815889,Kobelt@oos.de
320,1,Sibille,Börner,1994-03-31,"Athanasios-Schaaf-Gasse 799
52097 Gelnhausen",00952 007892,DE20838794260633001028,38477898680,Börner@oos.de
321,1,Rosemarie,Sontag,2007-05-27,"Gotthardring 6
97536 Kaiserslautern",04877127398,DE27581836161762835332,19529677679,Sontag@oos.de
322,1,Eleonora,Budig,1991-07-04,"Truballee 06
03733 Sangerhausen",(00116) 34470,DE12437895857756178825,29224382975,Budig@oos.de
323,1,Trudi,Jessel,2007-02-23,"Staudeallee 538
74247 Düren",(00231) 00612,DE57102454975769524184,34729007524,Jessel@oos.de
324,1,Bernhardine,Dehmel,1995-09-10,"Magda-Drub-Gasse 908
71007 Staßfurt",(06435) 769699,DE85721821217022895605,76305895377,Dehmel@oos.de
325,1,Britt,Weimer,1992-02-20,"Stephen-Geisel-Gasse 45
56656 Säckingen",+49(0) 013982961,DE60675178521408946086,86670620588,Weimer@oos.de
326,1,Ljiljana,Rust,1974-03-21,"Philipp-Schomber-Gasse 3
10978 Saarbrücken",+49 (0) 2140 319670,DE60868825777426386805,57645500170,Rust@oos.de
327,1,Claus-Peter,Haase,1989-06-02,"Trubstraße 0/9
50814 Gotha",+49(0) 517999406,DE80913738103670952663,01778436219,Haase@oos.de
328,1,Martine,Walter,2000-03-18,"Dorit-Krause-Allee 92
19207 Rathenow",+49(0) 837192451,DE32551403045669334398,87751644596,Walter@oos.de
329,1,Petar,Noack,1981-01-14,"Klaus-Werner-Ladeck-Gasse 796
52618 Neustadtner Waldnaab",+49 (0) 6004 717847,DE46643324054523078699,15166469471,Noack@oos.de
330,1,Dariusz,Steinberg,1997-02-11,"Sagergasse 0/5
82774 Ludwigslust",+49(0)5638 848941,DE41458192217756912298,20769140114,Steinberg@oos.de
331,1,Raissa,Heinz,1987-01-13,"Jeannette-Fiebig-Straße 958
68493 Stuttgart",06473758232,DE06124581137079915636,32032787647,Heinz@oos.de
332,1,Jozef,Rust,1975-05-16,"Mälzerweg 87
41989 Böblingen",+49(0) 166926476,DE82620869919621776962,08434265147,Rust@oos.de
333,1,Konrad,Spieß,1979-02-27,"Dorina-Stadelmann-Weg 1
92336 Greifswald",+49(0) 909908670,DE69843297544389195721,07143572349,Spieß@oos.de
334,1,Marko,Becker,2001-09-14,"Ronny-Wulf-Ring 328
33568 Garmisch-Partenkirchen",03338 41952,DE88581305012720548533,58608272119,Becker@oos.de
335,1,Sigfried,Trüb,1975-08-06,"Gülten-Biggen-Ring 53
34523 Stade",+49(0)0146 12462,DE18698996006958994382,16885391316,Trüb@oos.de
336,1,Claus-Peter,Klotz,1995-05-05,"Jäntschstr. 49
75723 Stade",05818662589,DE05493577220712877299,39122035827,Klotz@oos.de
337,1,Viktor,Vollbrecht,2007-10-31,"Häringstraße 9
80916 Senftenberg",01735 89403,DE71108962914245247443,30034075263,Vollbrecht@oos.de
338,1,Ferdi,Hethur,1985-10-04,"Heiderose-Misicher-Platz 26
02503 Viechtach",(06470) 21316,DE94833112396361723113,13653783852,Hethur@oos.de
339,1,Victoria,Wende,1984-11-12,"Kreuselplatz 7
07337 Badoberan",+49(0)1229571999,DE69093928028988509498,37062641805,Wende@oos.de
340,1,Karl-Werner,Rohleder,1998-12-14,"Eckhart-Biggen-Ring 7/1
36718 Hamburg",07305558051,DE83977680258723666956,64072790140,Rohleder@oos.de
341,1,Leopoldine,Liebelt,1976-11-24,"Adolphplatz 240
54051 Bad Freienwalde",+49(0)3403 17457,DE67950872732943598682,73156908782,Liebelt@oos.de
342,1,Carlos,Davids,1980-04-04,"Pechelweg 9
80954 Gadebusch",06238 174095,DE14215356842998314659,47509224755,Davids@oos.de
343,1,Gundula,Preiß,2002-08-25,"Albertine-Koch-Allee 84
65462 Osterburg",04931403402,DE46992539199851023229,38562255310,Preiß@oos.de
344,1,Irmi,Löwer,1996-08-01,"Franz-Josef-Heinz-Weg 7/0
90388 Zerbst",+49(0)4107 762947,DE18642546675464484254,10557241541,Löwer@oos.de
345,1,Giovanni,Hecker,2004-06-21,"Ante-Knappe-Straße 0/5
33325 Wunsiedel",+49(0)7571 314921,DE23644869782613787444,55417813757,Hecker@oos.de
346,1,Rabea,Butte,1989-04-21,"Hellwigstraße 4/0
81589 Herford",+49(0)9267096096,DE94342774097488659384,42216268820,Butte@oos.de
347,1,Adam,Seifert,1998-03-02,"Arne-Söding-Ring 0/2
75328 Sömmerda",01538898859,DE85456328203365408325,52278090242,Seifert@oos.de
348,1,Kasimir,Seifert,1977-07-27,"Fröhlichring 4/3
30944 Sondershausen",0538473801,DE90160292952093666842,97447636349,Seifert@oos.de
349,1,Annemie,Mans,1972-01-16,"Kraushaarstraße 9/6
60664 Kaiserslautern",+49(0) 267936430,DE35465812928648537890,94563488639,Mans@oos.de
350,1,Hans-Christian,Jacobi Jäckel,1971-07-31,"van der Dussenstr. 4
24894 Pasewalk",02103139804,DE49348065243075925340,35949761168,Jacobi Jäckel@oos.de
351,1,Reinhard,Weller,1969-05-03,"Alexej-Schacht-Gasse 5
28310 Sternberg",+49(0)3657 962678,DE59494531118336044810,53157592286,Weller@oos.de
352,1,Kunigunda,Drewes,1986-01-02,"Eberthstr. 15
75760 Nauen",+49(0) 092058324,DE23025941147700284636,40472521012,Drewes@oos.de
353,1,Felix,Köhler,1982-02-14,"Hans-Hinrich-Beckmann-Platz 215
38397 Deggendorf",04364 24181,DE37356869522424492443,32015354841,Köhler@oos.de
354,1,Arnulf,Rädel,1991-05-18,"Tilmann-Hermann-Gasse 2
22758 Ravensburg",+49(0)8771 829469,DE44359532379916963300,45338016174,Rädel@oos.de
355,1,Antje,Patberg,1966-05-23,"Stumpfweg 6
01541 Herzberg",(01127) 029685,DE49530966597234934050,99553552896,Patberg@oos.de
356,1,Bernd-Dieter,Patberg,1981-04-17,"Dobesplatz 54
89666 Eisleben",(08256) 81584,DE39060568754651821525,19532108887,Patberg@oos.de
357,1,Wieslaw,Döring,1967-12-19,"Speerallee 8
96285 Brandenburg",+49(0)0290 238830,DE92800265272250541934,62722101226,Döring@oos.de
358,1,Clarissa,Mende,2001-10-02,"Bodo-Wohlgemut-Straße 11
94946 Donaueschingen",(07751) 73342,DE60967723820183292348,75592385591,Mende@oos.de
359,1,Lieschen,Förster,2007-04-29,"Eckhard-Kambs-Weg 12
68923 Dinslaken",(05114) 09949,DE77342637638467642602,41374574603,Förster@oos.de
360,1,Sedat,Hamann,2003-03-03,"Enver-Bauer-Platz 487
44308 Kyritz",0404566222,DE07531523550861624196,21866668583,Hamann@oos.de
361,1,Gereon,Fechner,1983-07-30,"Luitgard-Römer-Weg 8/9
72798 Sonneberg",02685858028,DE85665273236710116820,28852759620,Fechner@oos.de
362,1,Milan,Pohl,1983-05-07,"Klappstr. 9
97637 Gelnhausen",06516169815,DE41209046910942399565,54910879398,Pohl@oos.de
363,1,Giuseppe,Schwital,1999-01-13,"Gaetano-Salz-Weg 195
87131 Ebermannstadt",0920242646,DE78708988262123617541,76865385359,Schwital@oos.de
364,1,Cecilia,Beckmann,1980-09-28,"Dajana-Schüler-Ring 896
02789 Gadebusch",+49(0) 747092818,DE04869580288266843787,80282084417,Beckmann@oos.de
365,1,Ingeburg,Hermann,2007-11-22,"Haeringstr. 7/4
97308 Heiligenstadt",+49(0)6990 726144,DE77249992929966377332,58495803869,Hermann@oos.de
366,1,Hartmut,Eberhardt,1974-02-28,"Franz-Gnatz-Weg 4
68347 Genthin",+49(0)8142610304,DE09051553752399508052,04731129743,Eberhardt@oos.de
367,1,Nevenka,Klingelhöfer,1971-09-14,"Hans Peter-Mangold-Platz 4/8
23622 Wernigerode",0990171033,DE13647915733781855748,49245113632,Klingelhöfer@oos.de
368,1,Christina,Scholz,1992-04-26,"Hubert-Holt-Platz 01
81594 Kyritz",06859001047,DE44163459992796941387,42286172659,Scholz@oos.de
369,1,Ahmed,Neureuther,1989-12-23,"Elli-Becker-Allee 3
02641 Mayen",07829 349325,DE33638644930791257677,91266340881,Neureuther@oos.de
370,1,Albina,Pruschke,1973-08-18,"Vanessa-Kraus-Allee 0/3
57082 Göttingen",07882 50044,DE72685741577108446032,77258460265,Pruschke@oos.de
371,1,Gabriel,Mentzel,2008-01-19,"Meinrad-Mies-Straße 8
80608 Konstanz",+49 (0) 9239 346785,DE51229666219388691214,66899172277,Mentzel@oos.de
372,1,Ernest,Eimer,1984-10-26,"Riehlstraße 4
69658 Stuttgart",(00091) 087916,DE03228430508662563897,00080267670,Eimer@oos.de
373,1,Carlos,Killer,1972-09-06,"Hildburg-Hertrampf-Weg 6
85614 Brilon",04364 731430,DE26328107578237838077,21135026580,Killer@oos.de
374,1,Jaqueline,Rudolph,1982-05-13,"Michail-Wulf-Platz 9/8
65317 Ravensburg",+49(0)2606 642332,DE93533344170530428616,11302189803,Rudolph@oos.de
375,1,Steffen,Kranz,1968-03-18,"Röhrichtstr. 498
36328 Luckau",03209270488,DE42446181360524769563,48154170469,Kranz@oos.de
376,1,Jörg-Peter,Putz,1989-06-09,"Rolf-Dieter-Hörle-Allee 73
20183 Genthin",+49(0) 484074504,DE47752496132971339779,38523147154,Putz@oos.de
377,1,Saskia,Kranz,1976-09-24,"Seidelstraße 222
88780 Meiningen",+49(0)1552042146,DE59585093215735868388,55099273471,Kranz@oos.de
378,1,Henriette,Misicher,1991-01-31,"Kuhlstr. 30
81543 Riesa",(09152) 96241,DE48920567059328824764,29282547724,Misicher@oos.de
379,1,Leopoldine,Gnatz,1986-04-06,"Alexa-Radisch-Ring 48
03246 Gräfenhainichen",0664878481,DE50927887488682318184,17101741172,Gnatz@oos.de
380,1,Francesca,Bohnbach,1976-08-10,"Langegasse 13
87302 Ueckermünde",+49(0)8060 06265,DE03368578788401972681,09479492565,Bohnbach@oos.de
381,1,Josip,Lindner,1999-05-30,"Katarina-Scheel-Straße 716
16631 Artern",+49(0)4665 22722,DE32327356497914821776,92288962621,Lindner@oos.de
382,1,Antonia,Wesack,1975-11-10,"Trubplatz 35
93835 Anklam",+49 (0) 5575 057081,DE22083804383207363827,77544704120,Wesack@oos.de
383,1,Marina,Bruder,1967-08-31,"Ernst-Förster-Gasse 546
45508 Dieburg",03068 78972,DE55840180347308127908,16991944939,Bruder@oos.de
384,1,Yasemin,Dobes,1994-07-26,"Mälzerallee 703
96055 Osterode am Harz",04961 48371,DE91323232288039352261,30592119669,Dobes@oos.de
385,1,Karl-Friedrich,Trüb,2008-02-02,"Heinz-Josef-Süßebier-Straße 6/8
80911 Lüdenscheid",+49(0) 465948386,DE76869158945404786214,69819449536,Trüb@oos.de
386,1,Apostolos,Dehmel,1977-07-29,"Rosl-Scholz-Weg 01
00306 Berlin",+49(0) 279250699,DE44426824999582077598,35513793958,Dehmel@oos.de
387,1,Emanuel,Johann,1985-04-03,"Riehlstr. 194
99596 Zerbst",+49(0)9912 26369,DE56454524147468101343,94828516357,Johann@oos.de
388,1,Gislinde,Jungfer,1971-01-03,"Ida-Scholl-Weg 6/0
92955 Mayen",08871 74861,DE50835098869074861003,64326971980,Jungfer@oos.de
389,1,Milka,Kraus,1980-07-20,"Heide-Marie-Kranz-Platz 9/4
97094 Teterow",08215 708262,DE23636698479186799464,23433597434,Kraus@oos.de
390,1,Veronique,Krebs,2005-02-28,"Austermühleweg 3
34928 Tecklenburg",+49(0) 864177167,DE68026408823036641674,49201012012,Krebs@oos.de
391,1,Meinhard,Sager,1975-07-03,"Reutergasse 3/1
59986 Parsberg",08496400424,DE73686186654336904161,21242503247,Sager@oos.de
392,1,Franz,Säuberlich,1970-01-25,"Witold-Steckel-Platz 5/8
46738 Ravensburg",+49(0)4285473710,DE18897231912132468871,20457402823,Säuberlich@oos.de
393,1,Anett,Weinhold,1963-06-11,"Berndt-Förster-Gasse 11
42635 Dinkelsbühl",0683414271,DE61548176658282188401,58129634155,Weinhold@oos.de
394,1,James,Kreusel,1968-02-20,"Doris-Hamann-Straße 5
53414 Passau",+49(0) 267976561,DE22457125898878505855,57156953009,Kreusel@oos.de
395,1,Hans-Martin,Schenk,1994-12-16,"Anette-Fischer-Platz 0
90215 Waren",+49(0)0400515554,DE14032107810193793988,83730575757,Schenk@oos.de
396,1,Dusan,Neureuther,1978-01-19,"Hethurplatz 681
96158 Wittenberg",01357 88587,DE40307392344776127671,80555384921,Neureuther@oos.de
397,1,Karl,Stolze,1993-12-25,"Spießstr. 750
26241 Rudolstadt",00593 492655,DE21288149846054569856,03471886777,Stolze@oos.de
398,1,Janet,Killer,1989-08-10,"Faustweg 500
44950 Hohenmölsen",+49(0) 268036889,DE14644276041240958445,41882172362,Killer@oos.de
399,1,Peter-Michael,Preiß,2002-03-04,"Ernst-Wähner-Weg 16
41011 Wanzleben",0782890436,DE12436566366145672480,43974854306,Preiß@oos.de
400,1,Ralph,Walter,1980-05-19,"Fredo-Segebahn-Weg 63
89235 Bruchsal",+49(0)1620 270457,DE62048591351889473242,80371387555,Walter@oos.de
